<?xml version="1.0"?>
<!--<!DOCTYPE metadata SYSTEM "http://www.esri.com/metadata/esriprof80.dtd">-->
<metadata xml:lang="en"><Esri><CreaDate>20200225</CreaDate><CreaTime>10341000</CreaTime><SyncOnce>FALSE</SyncOnce><SyncDate>20101022</SyncDate><SyncTime>09192000</SyncTime><ModDate>20101022</ModDate><ModTime>09192000</ModTime><DataProperties><lineage><Process Name="FeatureClassToFeatureClass_1" ToolSource="C:\Program Files\ArcGIS\ArcToolbox\Toolboxes\Conversion Tools.tbx\FeatureClassToFeatureClass" Date="20101022" Time="091921">FeatureClassToFeatureClass "D:\PM_DOLIA SAEX\Ver9Works\LIS_Spatial_Data_Templates\BLANK.mdb\Dataset\Parcel" "D:\PM_DOLIA SAEX\Ver9Works\LIS_Spatial_Data_Templates\BLANK84.mdb" Parcel # "SHAPE_Length SHAPE_Length false true true 8 Double 0 0 ,First,#,D:\PM_DOLIA SAEX\Ver9Works\LIS_Spatial_Data_Templates\BLANK.mdb\Dataset\Parcel,SHAPE_Length,-1,-1;SHAPE_Area SHAPE_Area false true true 8 Double 0 0 ,First,#,D:\PM_DOLIA SAEX\Ver9Works\LIS_Spatial_Data_Templates\BLANK.mdb\Dataset\Parcel,SHAPE_Area,-1,-1;PARCELKEY PARCELKEY true true false 23 Text 0 0 ,First,#,D:\PM_DOLIA SAEX\Ver9Works\LIS_Spatial_Data_Templates\BLANK.mdb\Dataset\Parcel,PARCELKEY,-1,-1;PARCELNO PARCELNO true false false 4 Long 0 0 ,First,#,D:\PM_DOLIA SAEX\Ver9Works\LIS_Spatial_Data_Templates\BLANK.mdb\Dataset\Parcel,PARCELNO,-1,-1;DISTRICT DISTRICT true false false 2 Short 0 0 ,First,#,D:\PM_DOLIA SAEX\Ver9Works\LIS_Spatial_Data_Templates\BLANK.mdb\Dataset\Parcel,DISTRICT,-1,-1;VDC VDC true false false 2 Short 0 0 ,First,#,D:\PM_DOLIA SAEX\Ver9Works\LIS_Spatial_Data_Templates\BLANK.mdb\Dataset\Parcel,VDC,-1,-1;WARDNO WARDNO true false false 3 Text 0 0 ,First,#,D:\PM_DOLIA SAEX\Ver9Works\LIS_Spatial_Data_Templates\BLANK.mdb\Dataset\Parcel,WARDNO,-1,-1;GRIDS1 GRIDS1 true false false 9 Text 0 0 ,First,#,D:\PM_DOLIA SAEX\Ver9Works\LIS_Spatial_Data_Templates\BLANK.mdb\Dataset\Parcel,GRIDS1,-1,-1;PARCELTY PARCELTY true false false 2 Short 0 0 ,First,#,D:\PM_DOLIA SAEX\Ver9Works\LIS_Spatial_Data_Templates\BLANK.mdb\Dataset\Parcel,PARCELTY,-1,-1" # "D:\PM_DOLIA SAEX\Ver9Works\LIS_Spatial_Data_Templates\BLANK84.mdb\Parcel"</Process><Process ToolSource="C:\Program Files\ArcGIS\ArcToolbox\Toolboxes\Data Management Tools.tbx\Integrate" Date="20170303" Time="141036">Integrate "Parcel 1;'Parcel Boundary' 2" "0.001 Unknown" Parcel;'Parcel Boundary'</Process><Process ToolSource="C:\Program Files\ArcGIS\ArcToolbox\Toolboxes\Data Management Tools.tbx\Integrate" Date="20170725" Time="144430">Integrate "Parcel 1;'Parcel Boundary' 2" "0.001 Unknown" Parcel;'Parcel Boundary'</Process><Process ToolSource="C:\Program Files\ArcGIS\ArcToolbox\Toolboxes\Data Management Tools.tbx\Integrate" Date="20170726" Time="103033">Integrate "Parcel 1;'Parcel Boundary' 2" "0.001 Unknown" Parcel;'Parcel Boundary'</Process><Process ToolSource="C:\Program Files\ArcGIS\ArcToolbox\Toolboxes\Data Management Tools.tbx\Integrate" Date="20180119" Time="135508">Integrate "Parcel 1;'Parcel Boundary' 2" "0.001 Unknown" Parcel;'Parcel Boundary'</Process><Process ToolSource="C:\Program Files\ArcGIS\ArcToolbox\Toolboxes\Data Management Tools.tbx\Integrate" Date="20180607" Time="133740">Integrate "Parcel 1;'Parcel Boundary' 2" "0.001 Unknown" Parcel;'Parcel Boundary'</Process><Process ToolSource="C:\Program Files\ArcGIS\ArcToolbox\Toolboxes\Data Management Tools.tbx\Integrate" Date="20180815" Time="143649">Integrate "Parcel 1;'Parcel Boundary' 2" "0.001 Unknown" Parcel;'Parcel Boundary'</Process><Process ToolSource="C:\Program Files\ArcGIS\ArcToolbox\Toolboxes\Data Management Tools.tbx\Integrate" Date="20181126" Time="121903">Integrate "Parcel 1;'Parcel Boundary' 2" "0.001 Unknown" Parcel;'Parcel Boundary'</Process><Process ToolSource="C:\Program Files\ArcGIS\ArcToolbox\Toolboxes\Data Management Tools.tbx\Integrate" Date="20181128" Time="150951">Integrate "Parcel 1;'Parcel Boundary' 2" "0.001 Unknown" Parcel;'Parcel Boundary'</Process><Process ToolSource="C:\Program Files\ArcGIS\ArcToolbox\Toolboxes\Data Management Tools.tbx\Integrate" Date="20181204" Time="123135">Integrate "Parcel 1;'Parcel Boundary' 2" "0.001 Unknown" Parcel;'Parcel Boundary'</Process><Process ToolSource="C:\Program Files\ArcGIS\ArcToolbox\Toolboxes\Data Management Tools.tbx\Integrate" Date="20181230" Time="130607">Integrate "Parcel 1;'Parcel Boundary' 2" "0.001 Unknown" Parcel;'Parcel Boundary'</Process><Process ToolSource="C:\Program Files (x86)\ArcGIS\ArcToolbox\Toolboxes\Data Management Tools.tbx\Integrate" Date="20191205" Time="132508">Integrate "Parcel 1;'Parcel Boundary' 2" "0.001 Unknown" Parcel;'Parcel Boundary'</Process><Process ToolSource="C:\Program Files\ArcGIS\ArcToolbox\Toolboxes\Data Management Tools.tbx\Integrate" Date="20191216" Time="135348">Integrate "Parcel 1;'Parcel Boundary' 2" "0.001 Unknown" Parcel;'Parcel Boundary'</Process><Process ToolSource="C:\Program Files\ArcGIS\ArcToolbox\Toolboxes\Data Management Tools.tbx\Integrate" Date="20200115" Time="125552">Integrate "Parcel 1;'Parcel Boundary' 2" "0.001 Unknown" Parcel;'Parcel Boundary'</Process></lineage></DataProperties><MetaID>{AFBBC4E2-0716-4A8B-9BA8-562744D63860}</MetaID></Esri><idinfo><native Sync="TRUE">Microsoft Windows XP Version 5.1 (Build 2600) Service Pack 2; ESRI ArcCatalog 9.2.0.1324</native><descript><langdata Sync="TRUE">en</langdata><abstract>REQUIRED: A brief narrative summary of the data set.</abstract><purpose>REQUIRED: A summary of the intentions with which the data set was developed.</purpose></descript><citation><citeinfo><origin>REQUIRED: The name of an organization or individual that developed the data set.</origin><pubdate>REQUIRED: The date when the data set is published or otherwise made available for release.</pubdate><title Sync="TRUE">Parcel</title><ftname Sync="TRUE">Parcel</ftname><geoform Sync="TRUE">vector digital data</geoform><onlink Sync="TRUE"></onlink></citeinfo></citation><timeperd><current>REQUIRED: The basis on which the time period of content information is determined.</current><timeinfo><sngdate><caldate>REQUIRED: The year (and optionally month, or month and day) for which the data set corresponds to the ground.</caldate></sngdate></timeinfo></timeperd><status><progress>REQUIRED: The state of the data set.</progress><update>REQUIRED: The frequency with which changes and additions are made to the data set after the initial data set is completed.</update></status><spdom><bounding><westbc Sync="TRUE">REQUIRED: Western-most coordinate of the limit of coverage expressed in longitude.</westbc><eastbc Sync="TRUE">REQUIRED: Eastern-most coordinate of the limit of coverage expressed in longitude.</eastbc><northbc Sync="TRUE">REQUIRED: Northern-most coordinate of the limit of coverage expressed in latitude.</northbc><southbc Sync="TRUE">REQUIRED: Southern-most coordinate of the limit of coverage expressed in latitude.</southbc></bounding></spdom><keywords><theme><themekt>REQUIRED: Reference to a formally registered thesaurus or a similar authoritative source of theme keywords.</themekt><themekey>REQUIRED: Common-use word or phrase used to describe the subject of the data set.</themekey></theme></keywords><accconst>REQUIRED: Restrictions and legal prerequisites for accessing the data set.</accconst><useconst>REQUIRED: Restrictions and legal prerequisites for using the data set after access is granted.</useconst><natvform Sync="TRUE">Personal GeoDatabase Feature Class</natvform></idinfo><dataIdInfo><envirDesc Sync="TRUE">Microsoft Windows XP Version 5.1 (Build 2600) Service Pack 2; ESRI ArcCatalog 9.2.0.1324</envirDesc><dataLang><languageCode Sync="TRUE" value="en"></languageCode></dataLang><idCitation><resTitle Sync="TRUE">Parcel</resTitle><presForm><PresFormCd Sync="TRUE" value="005"></PresFormCd></presForm></idCitation><spatRpType><SpatRepTypCd Sync="TRUE" value="001"></SpatRepTypCd></spatRpType></dataIdInfo><metainfo><langmeta Sync="TRUE">en</langmeta><metstdn Sync="TRUE">FGDC Content Standards for Digital Geospatial Metadata</metstdn><metstdv Sync="TRUE">FGDC-STD-001-1998</metstdv><mettc Sync="TRUE">local time</mettc><metextns><onlink Sync="TRUE">http://www.esri.com/metadata/esriprof80.html</onlink><metprof Sync="TRUE">ESRI Metadata Profile</metprof></metextns><metc><cntinfo><cntorgp><cntper>REQUIRED: The person responsible for the metadata information.</cntper><cntorg>REQUIRED: The organization responsible for the metadata information.</cntorg></cntorgp><cntaddr><addrtype>REQUIRED: The mailing and/or physical address for the organization or individual.</addrtype><city>REQUIRED: The city of the address.</city><state>REQUIRED: The state or province of the address.</state><postal>REQUIRED: The ZIP or other postal code of the address.</postal></cntaddr><cntvoice>REQUIRED: The telephone number by which individuals can speak to the organization or individual.</cntvoice></cntinfo></metc><metd Sync="TRUE">20101022</metd></metainfo><mdLang><languageCode Sync="TRUE" value="en"></languageCode></mdLang><mdStanName Sync="TRUE">ISO 19115 Geographic Information - Metadata</mdStanName><mdStanVer Sync="TRUE">DIS_ESRI1.0</mdStanVer><mdChar><CharSetCd Sync="TRUE" value="004"></CharSetCd></mdChar><mdHrLv><ScopeCd Sync="TRUE" value="005"></ScopeCd></mdHrLv><mdHrLvName Sync="TRUE">dataset</mdHrLvName><distinfo><resdesc Sync="TRUE">Downloadable Data</resdesc></distinfo><distInfo><distributor><distorTran><onLineSrc><orDesc Sync="TRUE">002</orDesc><linkage Sync="TRUE">file://</linkage><protocol Sync="TRUE">Local Area Network</protocol></onLineSrc></distorTran><distorFormat><formatName Sync="TRUE">Personal GeoDatabase Feature Class</formatName></distorFormat></distributor></distInfo><spdoinfo><direct Sync="TRUE">Vector</direct><ptvctinf><esriterm Name="Parcel"><efeatyp Sync="TRUE">Simple</efeatyp><efeageom Sync="TRUE">Polygon</efeageom><esritopo Sync="TRUE">FALSE</esritopo><efeacnt Sync="TRUE">0</efeacnt><spindex Sync="TRUE">TRUE</spindex><linrefer Sync="TRUE">FALSE</linrefer></esriterm><sdtsterm Name="Parcel"><sdtstype Sync="TRUE">G-polygon</sdtstype><ptvctcnt Sync="TRUE">0</ptvctcnt></sdtsterm></ptvctinf></spdoinfo><spatRepInfo><VectSpatRep><topLvl><TopoLevCd Sync="TRUE" value="001"></TopoLevCd></topLvl><geometObjs Name="Parcel"><geoObjTyp><GeoObjTypCd Sync="TRUE" value="001"></GeoObjTypCd></geoObjTyp><geoObjCnt Sync="TRUE">0</geoObjCnt></geometObjs></VectSpatRep></spatRepInfo><eainfo><detailed Name="Parcel"><enttyp><enttypl Sync="TRUE">Parcel</enttypl><enttypt Sync="TRUE">Feature Class</enttypt><enttypc Sync="TRUE">0</enttypc></enttyp><attr><attrlabl Sync="TRUE">OBJECTID</attrlabl><attalias Sync="TRUE">OBJECTID</attalias><attrtype Sync="TRUE">OID</attrtype><attwidth Sync="TRUE">4</attwidth><atprecis Sync="TRUE">0</atprecis><attscale Sync="TRUE">0</attscale><attrdef Sync="TRUE">Internal feature number.</attrdef><attrdefs Sync="TRUE">ESRI</attrdefs><attrdomv><udom Sync="TRUE">Sequential unique whole numbers that are automatically generated.</udom></attrdomv></attr><attr><attrlabl Sync="TRUE">Shape</attrlabl><attalias Sync="TRUE">Shape</attalias><attrtype Sync="TRUE">Geometry</attrtype><attwidth Sync="TRUE">0</attwidth><atprecis Sync="TRUE">0</atprecis><attscale Sync="TRUE">0</attscale><attrdef Sync="TRUE">Feature geometry.</attrdef><attrdefs Sync="TRUE">ESRI</attrdefs><attrdomv><udom Sync="TRUE">Coordinates defining the features.</udom></attrdomv></attr><attr><attrlabl Sync="TRUE">PARCELKEY</attrlabl><attalias Sync="TRUE">PARCELKEY</attalias><attrtype Sync="TRUE">String</attrtype><attwidth Sync="TRUE">23</attwidth><atprecis Sync="TRUE">0</atprecis><attscale Sync="TRUE">0</attscale></attr><attr><attrlabl Sync="TRUE">PARCELNO</attrlabl><attalias Sync="TRUE">PARCELNO</attalias><attrtype Sync="TRUE">Integer</attrtype><attwidth Sync="TRUE">4</attwidth><atprecis Sync="TRUE">0</atprecis><attscale Sync="TRUE">0</attscale></attr><attr><attrlabl Sync="TRUE">DISTRICT</attrlabl><attalias Sync="TRUE">DISTRICT</attalias><attrtype Sync="TRUE">SmallInteger</attrtype><attwidth Sync="TRUE">2</attwidth><atprecis Sync="TRUE">0</atprecis><attscale Sync="TRUE">0</attscale></attr><attr><attrlabl Sync="TRUE">VDC</attrlabl><attalias Sync="TRUE">VDC</attalias><attrtype Sync="TRUE">SmallInteger</attrtype><attwidth Sync="TRUE">2</attwidth><atprecis Sync="TRUE">0</atprecis><attscale Sync="TRUE">0</attscale></attr><attr><attrlabl Sync="TRUE">WARDNO</attrlabl><attalias Sync="TRUE">WARDNO</attalias><attrtype Sync="TRUE">String</attrtype><attwidth Sync="TRUE">3</attwidth><atprecis Sync="TRUE">0</atprecis><attscale Sync="TRUE">0</attscale></attr><attr><attrlabl Sync="TRUE">GRIDS1</attrlabl><attalias Sync="TRUE">GRIDS1</attalias><attrtype Sync="TRUE">String</attrtype><attwidth Sync="TRUE">9</attwidth><atprecis Sync="TRUE">0</atprecis><attscale Sync="TRUE">0</attscale></attr><attr><attrlabl Sync="TRUE">PARCELTY</attrlabl><attalias Sync="TRUE">PARCELTY</attalias><attrtype Sync="TRUE">SmallInteger</attrtype><attwidth Sync="TRUE">2</attwidth><atprecis Sync="TRUE">0</atprecis><attscale Sync="TRUE">0</attscale></attr><attr><attrlabl Sync="TRUE">Shape_Length</attrlabl><attalias Sync="TRUE">Shape_Length</attalias><attrtype Sync="TRUE">Double</attrtype><attwidth Sync="TRUE">8</attwidth><atprecis Sync="TRUE">0</atprecis><attscale Sync="TRUE">0</attscale><attrdef Sync="TRUE">Length of feature in internal units.</attrdef><attrdefs Sync="TRUE">ESRI</attrdefs><attrdomv><udom Sync="TRUE">Positive real numbers that are automatically generated.</udom></attrdomv></attr><attr><attrlabl Sync="TRUE">Shape_Area</attrlabl><attalias Sync="TRUE">Shape_Area</attalias><attrtype Sync="TRUE">Double</attrtype><attwidth Sync="TRUE">8</attwidth><atprecis Sync="TRUE">0</atprecis><attscale Sync="TRUE">0</attscale><attrdef Sync="TRUE">Area of feature in internal units squared.</attrdef><attrdefs Sync="TRUE">ESRI</attrdefs><attrdomv><udom Sync="TRUE">Positive real numbers that are automatically generated.</udom></attrdomv></attr></detailed></eainfo><mdDateSt Sync="TRUE">20101022</mdDateSt><dataqual><lineage><procstep><procdesc Sync="TRUE">Dataset copied.</procdesc><srcused Sync="TRUE">\\192.168.100.250\g\MAP\ROOM NO. 204\HTD_NP_076_7_17\HETAUDA N.P\MDB\Hetauda2.mdb</srcused><procdate Sync="TRUE">20200225</procdate><proctime Sync="TRUE">10341000</proctime></procstep></lineage></dataqual></metadata>
